A_Date,大陆及香港假期
12/31/2024,
12/30/2024,
12/29/2024,周末
12/28/2024,周末
12/27/2024,
12/26/2024,圣诞节
12/25/2024,圣诞节
12/24/2024,
12/23/2024,
12/22/2024,周末
12/21/2024,周末
12/20/2024,
12/19/2024,
12/18/2024,
12/17/2024,
12/16/2024,
12/15/2024,周末
12/14/2024,周末
12/13/2024,
12/12/2024,
12/11/2024,
12/10/2024,
12/9/2024,
12/8/2024,周末
12/7/2024,周末
12/6/2024,
12/5/2024,
12/4/2024,
12/3/2024,
12/2/2024,
12/1/2024,周末
11/30/2024,周末
11/29/2024,
11/28/2024,
11/27/2024,
11/26/2024,
11/25/2024,
11/24/2024,周末
11/23/2024,周末
11/22/2024,
11/21/2024,
11/20/2024,
11/19/2024,
11/18/2024,
11/17/2024,周末
11/16/2024,周末
11/15/2024,
11/14/2024,
11/13/2024,
11/12/2024,
11/11/2024,
11/10/2024,周末
11/9/2024,周末
11/8/2024,
11/7/2024,
11/6/2024,
11/5/2024,
11/4/2024,
11/3/2024,周末
11/2/2024,周末
11/1/2024,
10/31/2024,
10/30/2024,
10/29/2024,
10/28/2024,
10/27/2024,周末
10/26/2024,周末
10/25/2024,
10/24/2024,
10/23/2024,
10/22/2024,
10/21/2024,
10/20/2024,周末
10/19/2024,周末
10/18/2024,
10/17/2024,
10/16/2024,
10/15/2024,
10/14/2024,
10/13/2024,周末
10/12/2024,
10/11/2024,重阳节
10/10/2024,
10/9/2024,
10/8/2024,
10/7/2024,CN假期
10/6/2024,CN假期
10/5/2024,CN假期
10/4/2024,CN假期
10/3/2024,CN假期
10/2/2024,CN假期
10/1/2024,国庆节;CN假期
9/30/2024,
9/29/2024,
9/28/2024,周末
9/27/2024,
9/26/2024,
9/25/2024,
9/24/2024,
9/23/2024,
9/22/2024,周末
9/21/2024,周末
9/20/2024,
9/19/2024,
9/18/2024,中秋节
9/17/2024,CN假期
9/16/2024,CN假期
9/15/2024,CN假期
9/14/2024,
9/13/2024,
9/12/2024,
9/11/2024,
9/10/2024,
9/9/2024,
9/8/2024,周末
9/7/2024,周末
9/6/2024,
9/5/2024,
9/4/2024,
9/3/2024,
9/2/2024,
9/1/2024,周末
8/31/2024,周末
8/30/2024,
8/29/2024,
8/28/2024,
8/27/2024,
8/26/2024,
8/25/2024,周末
8/24/2024,周末
8/23/2024,
8/22/2024,
8/21/2024,
8/20/2024,
8/19/2024,
8/18/2024,周末
8/17/2024,周末
8/16/2024,
8/15/2024,
8/14/2024,
8/13/2024,
8/12/2024,
8/11/2024,周末
8/10/2024,周末
8/9/2024,
8/8/2024,
8/7/2024,
8/6/2024,
8/5/2024,
8/4/2024,周末
8/3/2024,周末
8/2/2024,
8/1/2024,
7/31/2024,
7/30/2024,
7/29/2024,
7/28/2024,周末
7/27/2024,周末
7/26/2024,
7/25/2024,
7/24/2024,
7/23/2024,
7/22/2024,
7/21/2024,周末
7/20/2024,周末
7/19/2024,
7/18/2024,
7/17/2024,
7/16/2024,
7/15/2024,
7/14/2024,周末
7/13/2024,周末
7/12/2024,
7/11/2024,
7/10/2024,
7/9/2024,
7/8/2024,
7/7/2024,周末
7/6/2024,周末
7/5/2024,
7/4/2024,
7/3/2024,
7/2/2024,
7/1/2024,回归纪念日
6/30/2024,周末
6/29/2024,周末
6/28/2024,
6/27/2024,
6/26/2024,
6/25/2024,
6/24/2024,
6/23/2024,周末
6/22/2024,周末
6/21/2024,
6/20/2024,
6/19/2024,
6/18/2024,
6/17/2024,
6/16/2024,周末
6/15/2024,周末
6/14/2024,
6/13/2024,
6/12/2024,
6/11/2024,
6/10/2024,端午节;CN假期
6/9/2024,CN假期
6/8/2024,CN假期
6/7/2024,
6/6/2024,
6/5/2024,
6/4/2024,
6/3/2024,
6/2/2024,周末
6/1/2024,周末
5/31/2024,
5/30/2024,
5/29/2024,
5/28/2024,
5/27/2024,
5/26/2024,周末
5/25/2024,周末
5/24/2024,
5/23/2024,
5/22/2024,
5/21/2024,
5/20/2024,
5/19/2024,周末
5/18/2024,周末
5/17/2024,
5/16/2024,
5/15/2024,佛诞
5/14/2024,
5/13/2024,
5/12/2024,周末
5/11/2024,
5/10/2024,
5/9/2024,
5/8/2024,
5/7/2024,
5/6/2024,
5/5/2024,CN假期
5/4/2024,CN假期
5/3/2024,CN假期
5/2/2024,CN假期
5/1/2024,劳动节;CN假期
4/30/2024,
4/29/2024,
4/28/2024,
4/27/2024,周末
4/26/2024,
4/25/2024,
4/24/2024,
4/23/2024,
4/22/2024,
4/21/2024,周末
4/20/2024,周末
4/19/2024,
4/18/2024,
4/17/2024,
4/16/2024,
4/15/2024,
4/14/2024,周末
4/13/2024,周末
4/12/2024,
4/11/2024,
4/10/2024,
4/9/2024,
4/8/2024,
4/7/2024,
4/6/2024,CN假期
4/5/2024,CN假期
4/4/2024,清明节;CN假期
4/3/2024,
4/2/2024,
4/1/2024,复活节
3/31/2024,周末
3/30/2024,复活节周末
3/29/2024,复活节
3/28/2024,
3/27/2024,
3/26/2024,
3/25/2024,
3/24/2024,周末
3/23/2024,周末
3/22/2024,
3/21/2024,
3/20/2024,
3/19/2024,
3/18/2024,
3/17/2024,周末
3/16/2024,周末
3/15/2024,
3/14/2024,
3/13/2024,
3/12/2024,
3/11/2024,
3/10/2024,周末
3/9/2024,周末
3/8/2024,
3/7/2024,
3/6/2024,
3/5/2024,
3/4/2024,
3/3/2024,周末
3/2/2024,周末
3/1/2024,
2/29/2024,
2/28/2024,
2/27/2024,
2/26/2024,
2/25/2024,周末
2/24/2024,周末
2/23/2024,
2/22/2024,
2/21/2024,
2/20/2024,
2/19/2024,
2/18/2024,
2/17/2024,CN假期
2/16/2024,CN假期
2/15/2024,CN假期
2/14/2024,CN假期
2/13/2024,春节;CN假期
2/12/2024,春节;CN假期
2/11/2024,CN假期
2/10/2024,春节;CN假期
2/9/2024,
2/8/2024,
2/7/2024,
2/6/2024,
2/5/2024,
2/4/2024,
2/3/2024,周末
2/2/2024,
2/1/2024,
1/31/2024,
1/30/2024,
1/29/2024,
1/28/2024,周末
1/27/2024,周末
1/26/2024,
1/25/2024,
1/24/2024,
1/23/2024,
1/22/2024,
1/21/2024,周末
1/20/2024,周末
1/19/2024,
1/18/2024,
1/17/2024,
1/16/2024,
1/15/2024,
1/14/2024,周末
1/13/2024,周末
1/12/2024,
1/11/2024,
1/10/2024,
1/9/2024,
1/8/2024,
1/7/2024,周末
1/6/2024,周末
1/5/2024,
1/4/2024,
1/3/2024,
1/2/2024,
1/1/2024,元旦;CN假期
12/31/2023,CN假期
12/30/2023,CN假期
12/29/2023,
12/28/2023,
12/27/2023,
12/26/2023,圣诞节
12/25/2023,圣诞节
12/24/2023,周末
12/23/2023,周末
12/22/2023,
12/21/2023,
12/20/2023,
12/19/2023,
12/18/2023,
12/17/2023,周末
12/16/2023,周末
12/15/2023,
12/14/2023,
12/13/2023,
12/12/2023,
12/11/2023,
12/10/2023,周末
12/9/2023,周末
12/8/2023,
12/7/2023,
12/6/2023,
12/5/2023,
12/4/2023,
12/3/2023,周末
12/2/2023,周末
12/1/2023,
11/30/2023,
11/29/2023,
11/28/2023,
11/27/2023,
11/26/2023,周末
11/25/2023,周末
11/24/2023,
11/23/2023,
11/22/2023,
11/21/2023,
11/20/2023,
11/19/2023,周末
11/18/2023,周末
11/17/2023,
11/16/2023,
11/15/2023,
11/14/2023,
11/13/2023,
11/12/2023,周末
11/11/2023,周末
11/10/2023,
11/9/2023,
11/8/2023,
11/7/2023,
11/6/2023,
11/5/2023,周末
11/4/2023,周末
11/3/2023,
11/2/2023,
11/1/2023,
10/31/2023,
10/30/2023,
10/29/2023,周末
10/28/2023,周末
10/27/2023,
10/26/2023,
10/25/2023,
10/24/2023,
10/23/2023,重阳节
10/22/2023,周末
10/21/2023,周末
10/20/2023,
10/19/2023,
10/18/2023,
10/17/2023,
10/16/2023,
10/15/2023,周末
10/14/2023,周末
10/13/2023,
10/12/2023,
10/11/2023,
10/10/2023,
10/9/2023,
10/8/2023,
10/7/2023,
10/6/2023,CN假期
10/5/2023,CN假期
10/4/2023,CN假期
10/3/2023,CN假期
10/2/2023,国庆节;CN假期
10/1/2023,CN假期
9/30/2023,中秋节;CN假期
9/29/2023,CN假期
9/28/2023,
9/27/2023,
9/26/2023,
9/25/2023,
9/24/2023,周末
9/23/2023,周末
9/22/2023,
9/21/2023,
9/20/2023,
9/19/2023,
9/18/2023,
9/17/2023,周末
9/16/2023,周末
9/15/2023,
9/14/2023,
9/13/2023,
9/12/2023,
9/11/2023,
9/10/2023,周末
9/9/2023,周末
9/8/2023,
9/7/2023,
9/6/2023,
9/5/2023,
9/4/2023,
9/3/2023,周末
9/2/2023,周末
9/1/2023,
8/31/2023,
8/30/2023,
8/29/2023,
8/28/2023,
8/27/2023,周末
8/26/2023,周末
8/25/2023,
8/24/2023,
8/23/2023,
8/22/2023,
8/21/2023,
8/20/2023,周末
8/19/2023,周末
8/18/2023,
8/17/2023,
8/16/2023,
8/15/2023,
8/14/2023,
8/13/2023,周末
8/12/2023,周末
8/11/2023,
8/10/2023,
8/9/2023,
8/8/2023,
8/7/2023,
8/6/2023,周末
8/5/2023,周末
8/4/2023,
8/3/2023,
8/2/2023,
8/1/2023,
7/31/2023,
7/30/2023,周末
7/29/2023,周末
7/28/2023,
7/27/2023,
7/26/2023,
7/25/2023,
7/24/2023,
7/23/2023,周末
7/22/2023,周末
7/21/2023,
7/20/2023,
7/19/2023,
7/18/2023,
7/17/2023,
7/16/2023,周末
7/15/2023,周末
7/14/2023,
7/13/2023,
7/12/2023,
7/11/2023,
7/10/2023,
7/9/2023,周末
7/8/2023,周末
7/7/2023,
7/6/2023,
7/5/2023,
7/4/2023,
7/3/2023,
7/2/2023,周末
7/1/2023,回归纪念日周末
6/30/2023,
6/29/2023,
6/28/2023,
6/27/2023,
6/26/2023,
6/25/2023,
6/24/2023,CN假期
6/23/2023,CN假期
6/22/2023,端午节;CN假期
6/21/2023,
6/20/2023,
6/19/2023,
6/18/2023,周末
6/17/2023,周末
6/16/2023,
6/15/2023,
6/14/2023,
6/13/2023,
6/12/2023,
6/11/2023,周末
6/10/2023,周末
6/9/2023,
6/8/2023,
6/7/2023,
6/6/2023,
6/5/2023,
6/4/2023,周末
6/3/2023,周末
6/2/2023,
6/1/2023,
5/31/2023,
5/30/2023,
5/29/2023,
5/28/2023,周末
5/27/2023,周末
5/26/2023,佛诞
5/25/2023,
5/24/2023,
5/23/2023,
5/22/2023,
5/21/2023,周末
5/20/2023,周末
5/19/2023,
5/18/2023,
5/17/2023,
5/16/2023,
5/15/2023,
5/14/2023,周末
5/13/2023,周末
5/12/2023,
5/11/2023,
5/10/2023,
5/9/2023,
5/8/2023,
5/7/2023,周末
5/6/2023,
5/5/2023,
5/4/2023,
5/3/2023,CN假期
5/2/2023,CN假期
5/1/2023,劳动节;CN假期
4/30/2023,CN假期
4/29/2023,CN假期
4/28/2023,
4/27/2023,
4/26/2023,
4/25/2023,
4/24/2023,
4/23/2023,
4/22/2023,周末
4/21/2023,
4/20/2023,
4/19/2023,
4/18/2023,
4/17/2023,
4/16/2023,周末
4/15/2023,周末
4/14/2023,
4/13/2023,
4/12/2023,
4/11/2023,
4/10/2023,复活节
4/9/2023,周末
4/8/2023,复活节周末
4/7/2023,复活节
4/6/2023,
4/5/2023,清明节;CN假期
4/4/2023,
4/3/2023,
4/2/2023,周末
4/1/2023,周末
3/31/2023,
3/30/2023,
3/29/2023,
3/28/2023,
3/27/2023,
3/26/2023,周末
3/25/2023,周末
3/24/2023,
3/23/2023,
3/22/2023,
3/21/2023,
3/20/2023,
3/19/2023,周末
3/18/2023,周末
3/17/2023,
3/16/2023,
3/15/2023,
3/14/2023,
3/13/2023,
3/12/2023,周末
3/11/2023,周末
3/10/2023,
3/9/2023,
3/8/2023,
3/7/2023,
3/6/2023,
3/5/2023,周末
3/4/2023,周末
3/3/2023,
3/2/2023,
3/1/2023,
2/28/2023,
2/27/2023,
2/26/2023,周末
2/25/2023,周末
2/24/2023,
2/23/2023,
2/22/2023,
2/21/2023,
2/20/2023,
2/19/2023,周末
2/18/2023,周末
2/17/2023,
2/16/2023,
2/15/2023,
2/14/2023,
2/13/2023,
2/12/2023,周末
2/11/2023,周末
2/10/2023,
2/9/2023,
2/8/2023,
2/7/2023,
2/6/2023,
2/5/2023,周末
2/4/2023,周末
2/3/2023,
2/2/2023,
2/1/2023,
1/31/2023,
1/30/2023,
1/29/2023,
1/28/2023,
1/27/2023,CN假期
1/26/2023,CN假期
1/25/2023,春节;CN假期
1/24/2023,春节;CN假期
1/23/2023,春节;CN假期
1/22/2023,CN假期
1/21/2023,CN假期
1/20/2023,
1/19/2023,
1/18/2023,
1/17/2023,
1/16/2023,
1/15/2023,周末
1/14/2023,周末
1/13/2023,
1/12/2023,
1/11/2023,
1/10/2023,
1/9/2023,
1/8/2023,周末
1/7/2023,周末
1/6/2023,
1/5/2023,
1/4/2023,
1/3/2023,
1/2/2023,元旦;CN假期
1/1/2023,CN假期
12/31/2022,CN假期
12/30/2022,
12/29/2022,
12/28/2022,
12/27/2022,圣诞节
12/26/2022,圣诞节
12/25/2022,周末
12/24/2022,周末
12/23/2022,
12/22/2022,
12/21/2022,
12/20/2022,
12/19/2022,
12/18/2022,周末
12/17/2022,周末
12/16/2022,
12/15/2022,
12/14/2022,
12/13/2022,
12/12/2022,
12/11/2022,周末
12/10/2022,周末
12/9/2022,
12/8/2022,
12/7/2022,
12/6/2022,
12/5/2022,
12/4/2022,周末
12/3/2022,周末
12/2/2022,
12/1/2022,
11/30/2022,
11/29/2022,
11/28/2022,
11/27/2022,周末
11/26/2022,周末
11/25/2022,
11/24/2022,
11/23/2022,
11/22/2022,
11/21/2022,
11/20/2022,周末
11/19/2022,周末
11/18/2022,
11/17/2022,
11/16/2022,
11/15/2022,
11/14/2022,
11/13/2022,周末
11/12/2022,周末
11/11/2022,
11/10/2022,
11/9/2022,
11/8/2022,
11/7/2022,
11/6/2022,周末
11/5/2022,周末
11/4/2022,
11/3/2022,
11/2/2022,
11/1/2022,
10/31/2022,
10/30/2022,周末
10/29/2022,周末
10/28/2022,
10/27/2022,
10/26/2022,
10/25/2022,
10/24/2022,
10/23/2022,周末
10/22/2022,周末
10/21/2022,
10/20/2022,
10/19/2022,
10/18/2022,
10/17/2022,
10/16/2022,周末
10/15/2022,周末
10/14/2022,
10/13/2022,
10/12/2022,
10/11/2022,
10/10/2022,
10/9/2022,
10/8/2022,
10/7/2022,CN假期
10/6/2022,CN假期
10/5/2022,CN假期
10/4/2022,重阳节;CN假期
10/3/2022,CN假期
10/2/2022,CN假期
10/1/2022,国庆节;CN假期
9/30/2022,
9/29/2022,
9/28/2022,
9/27/2022,
9/26/2022,
9/25/2022,周末
9/24/2022,周末
9/23/2022,
9/22/2022,
9/21/2022,
9/20/2022,
9/19/2022,
9/18/2022,周末
9/17/2022,周末
9/16/2022,
9/15/2022,
9/14/2022,
9/13/2022,
9/12/2022,中秋节;CN假期
9/11/2022,CN假期
9/10/2022,CN假期
9/9/2022,
9/8/2022,
9/7/2022,
9/6/2022,
9/5/2022,
9/4/2022,周末
9/3/2022,周末
9/2/2022,
9/1/2022,
8/31/2022,
8/30/2022,
8/29/2022,
8/28/2022,周末
8/27/2022,周末
8/26/2022,
8/25/2022,
8/24/2022,
8/23/2022,
8/22/2022,
8/21/2022,周末
8/20/2022,周末
8/19/2022,
8/18/2022,
8/17/2022,
8/16/2022,
8/15/2022,
8/14/2022,周末
8/13/2022,周末
8/12/2022,
8/11/2022,
8/10/2022,
8/9/2022,
8/8/2022,
8/7/2022,周末
8/6/2022,周末
8/5/2022,
8/4/2022,
8/3/2022,
8/2/2022,
8/1/2022,
7/31/2022,周末
7/30/2022,周末
7/29/2022,
7/28/2022,
7/27/2022,
7/26/2022,
7/25/2022,
7/24/2022,周末
7/23/2022,周末
7/22/2022,
7/21/2022,
7/20/2022,
7/19/2022,
7/18/2022,
7/17/2022,周末
7/16/2022,周末
7/15/2022,
7/14/2022,
7/13/2022,
7/12/2022,
7/11/2022,
7/10/2022,周末
7/9/2022,周末
7/8/2022,
7/7/2022,
7/6/2022,
7/5/2022,
7/4/2022,
7/3/2022,周末
7/2/2022,周末
7/1/2022,回归纪念日
6/30/2022,
6/29/2022,
6/28/2022,
6/27/2022,
6/26/2022,周末
6/25/2022,周末
6/24/2022,
6/23/2022,
6/22/2022,
6/21/2022,
6/20/2022,
6/19/2022,周末
6/18/2022,周末
6/17/2022,
6/16/2022,
6/15/2022,
6/14/2022,
6/13/2022,
6/12/2022,周末
6/11/2022,周末
6/10/2022,
6/9/2022,
6/8/2022,
6/7/2022,
6/6/2022,
6/5/2022,CN假期
6/4/2022,CN假期
6/3/2022,端午节;CN假期
6/2/2022,
6/1/2022,
5/31/2022,
5/30/2022,
5/29/2022,周末
5/28/2022,周末
5/27/2022,
5/26/2022,
5/25/2022,
5/24/2022,
5/23/2022,
5/22/2022,周末
5/21/2022,周末
5/20/2022,
5/19/2022,
5/18/2022,
5/17/2022,
5/16/2022,
5/15/2022,周末
5/14/2022,周末
5/13/2022,
5/12/2022,
5/11/2022,
5/10/2022,
5/9/2022,佛诞
5/8/2022,周末
5/7/2022,
5/6/2022,
5/5/2022,
5/4/2022,CN假期
5/3/2022,CN假期
5/2/2022,劳动节;CN假期
5/1/2022,CN假期
4/30/2022,CN假期
4/29/2022,
4/28/2022,
4/27/2022,
4/26/2022,
4/25/2022,
4/24/2022,
4/23/2022,周末
4/22/2022,
4/21/2022,
4/20/2022,
4/19/2022,
4/18/2022,复活节
4/17/2022,周末
4/16/2022,复活节周末
4/15/2022,复活节
4/14/2022,
4/13/2022,
4/12/2022,
4/11/2022,
4/10/2022,周末
4/9/2022,周末
4/8/2022,
4/7/2022,
4/6/2022,
4/5/2022,清明节;CN假期
4/4/2022,CN假期
4/3/2022,CN假期
4/2/2022,
4/1/2022,
3/31/2022,
3/30/2022,
3/29/2022,
3/28/2022,
3/27/2022,周末
3/26/2022,周末
3/25/2022,
3/24/2022,
3/23/2022,
3/22/2022,
3/21/2022,
3/20/2022,周末
3/19/2022,周末
3/18/2022,
3/17/2022,
3/16/2022,
3/15/2022,
3/14/2022,
3/13/2022,周末
3/12/2022,周末
3/11/2022,
3/10/2022,
3/9/2022,
3/8/2022,
3/7/2022,
3/6/2022,周末
3/5/2022,周末
3/4/2022,
3/3/2022,
3/2/2022,
3/1/2022,
2/28/2022,
2/27/2022,周末
2/26/2022,周末
2/25/2022,
2/24/2022,
2/23/2022,
2/22/2022,
2/21/2022,
2/20/2022,周末
2/19/2022,周末
2/18/2022,
2/17/2022,
2/16/2022,
2/15/2022,
2/14/2022,
2/13/2022,周末
2/12/2022,周末
2/11/2022,
2/10/2022,
2/9/2022,
2/8/2022,
2/7/2022,
2/6/2022,CN假期
2/5/2022,CN假期
2/4/2022,CN假期
2/3/2022,春节;CN假期
2/2/2022,春节;CN假期
2/1/2022,春节;CN假期
1/31/2022,CN假期
1/30/2022,
1/29/2022,
1/28/2022,
1/27/2022,
1/26/2022,
1/25/2022,
1/24/2022,
1/23/2022,周末
1/22/2022,周末
1/21/2022,
1/20/2022,
1/19/2022,
1/18/2022,
1/17/2022,
1/16/2022,周末
1/15/2022,周末
1/14/2022,
1/13/2022,
1/12/2022,
1/11/2022,
1/10/2022,
1/9/2022,周末
1/8/2022,周末
1/7/2022,
1/6/2022,
1/5/2022,
1/4/2022,
1/3/2022,CN假期
1/2/2022,CN假期
1/1/2022,元旦;CN假期
12/31/2021,
12/30/2021,
12/29/2021,
12/28/2021,
12/27/2021,圣诞节
12/26/2021,周末
12/25/2021,圣诞节周末
12/24/2021,
12/23/2021,
12/22/2021,
12/21/2021,
12/20/2021,
12/19/2021,周末
12/18/2021,周末
12/17/2021,
12/16/2021,
12/15/2021,
12/14/2021,
12/13/2021,
12/12/2021,周末
12/11/2021,周末
12/10/2021,
12/9/2021,
12/8/2021,
12/7/2021,
12/6/2021,
12/5/2021,周末
12/4/2021,周末
12/3/2021,
12/2/2021,
12/1/2021,
11/30/2021,
11/29/2021,
11/28/2021,周末
11/27/2021,周末
11/26/2021,
11/25/2021,
11/24/2021,
11/23/2021,
11/22/2021,
11/21/2021,周末
11/20/2021,周末
11/19/2021,
11/18/2021,
11/17/2021,
11/16/2021,
11/15/2021,
11/14/2021,周末
11/13/2021,周末
11/12/2021,
11/11/2021,
11/10/2021,
11/9/2021,
11/8/2021,
11/7/2021,周末
11/6/2021,周末
11/5/2021,
11/4/2021,
11/3/2021,
11/2/2021,
11/1/2021,
10/31/2021,周末
10/30/2021,周末
10/29/2021,
10/28/2021,
10/27/2021,
10/26/2021,
10/25/2021,
10/24/2021,周末
10/23/2021,周末
10/22/2021,
10/21/2021,
10/20/2021,
10/19/2021,
10/18/2021,
10/17/2021,周末
10/16/2021,周末
10/15/2021,
10/14/2021,重阳节
10/13/2021,
10/12/2021,
10/11/2021,
10/10/2021,周末
10/9/2021,
10/8/2021,
10/7/2021,CN假期
10/6/2021,CN假期
10/5/2021,CN假期
10/4/2021,CN假期
10/3/2021,CN假期
10/2/2021,CN假期
10/1/2021,国庆节;CN假期
9/30/2021,
9/29/2021,
9/28/2021,
9/27/2021,
9/26/2021,
9/25/2021,周末
9/24/2021,
9/23/2021,
9/22/2021,中秋节
9/21/2021,CN假期
9/20/2021,CN假期
9/19/2021,CN假期
9/18/2021,
9/17/2021,
9/16/2021,
9/15/2021,
9/14/2021,
9/13/2021,
9/12/2021,周末
9/11/2021,周末
9/10/2021,
9/9/2021,
9/8/2021,
9/7/2021,
9/6/2021,
9/5/2021,周末
9/4/2021,周末
9/3/2021,
9/2/2021,
9/1/2021,
8/31/2021,
8/30/2021,
8/29/2021,周末
8/28/2021,周末
8/27/2021,
8/26/2021,
8/25/2021,
8/24/2021,
8/23/2021,
8/22/2021,周末
8/21/2021,周末
8/20/2021,
8/19/2021,
8/18/2021,
8/17/2021,
8/16/2021,
8/15/2021,周末
8/14/2021,周末
8/13/2021,
8/12/2021,
8/11/2021,
8/10/2021,
8/9/2021,
8/8/2021,周末
8/7/2021,周末
8/6/2021,
8/5/2021,
8/4/2021,
8/3/2021,
8/2/2021,
8/1/2021,周末
7/31/2021,周末
7/30/2021,
7/29/2021,
7/28/2021,
7/27/2021,
7/26/2021,
7/25/2021,周末
7/24/2021,周末
7/23/2021,
7/22/2021,
7/21/2021,
7/20/2021,
7/19/2021,
7/18/2021,周末
7/17/2021,周末
7/16/2021,
7/15/2021,
7/14/2021,
7/13/2021,
7/12/2021,
7/11/2021,周末
7/10/2021,周末
7/9/2021,
7/8/2021,
7/7/2021,
7/6/2021,
7/5/2021,
7/4/2021,周末
7/3/2021,周末
7/2/2021,
7/1/2021,回归纪念日
6/30/2021,
6/29/2021,
6/28/2021,
6/27/2021,周末
6/26/2021,周末
6/25/2021,
6/24/2021,
6/23/2021,
6/22/2021,
6/21/2021,
6/20/2021,周末
6/19/2021,周末
6/18/2021,
6/17/2021,
6/16/2021,
6/15/2021,
6/14/2021,端午节;CN假期
6/13/2021,CN假期
6/12/2021,CN假期
6/11/2021,
6/10/2021,
6/9/2021,
6/8/2021,
6/7/2021,
6/6/2021,周末
6/5/2021,周末
6/4/2021,
6/3/2021,
6/2/2021,
6/1/2021,
5/31/2021,
5/30/2021,周末
5/29/2021,周末
5/28/2021,
5/27/2021,
5/26/2021,
5/25/2021,
5/24/2021,
5/23/2021,周末
5/22/2021,周末
5/21/2021,
5/20/2021,
5/19/2021,佛诞
5/18/2021,
5/17/2021,
5/16/2021,周末
5/15/2021,周末
5/14/2021,
5/13/2021,
5/12/2021,
5/11/2021,
5/10/2021,
5/9/2021,周末
5/8/2021,
5/7/2021,
5/6/2021,
5/5/2021,CN假期
5/4/2021,CN假期
5/3/2021,CN假期
5/2/2021,CN假期
5/1/2021,劳动节;CN假期
4/30/2021,
4/29/2021,
4/28/2021,
4/27/2021,
4/26/2021,
4/25/2021,
4/24/2021,周末
4/23/2021,
4/22/2021,
4/21/2021,
4/20/2021,
4/19/2021,
4/18/2021,周末
4/17/2021,周末
4/16/2021,
4/15/2021,
4/14/2021,
4/13/2021,
4/12/2021,
4/11/2021,周末
4/10/2021,周末
4/9/2021,
4/8/2021,
4/7/2021,
4/6/2021,复活节
4/5/2021,清明节;CN假期
4/4/2021,CN假期
4/3/2021,复活节;CN假期
4/2/2021,复活节
4/1/2021,
3/31/2021,
3/30/2021,
3/29/2021,
3/28/2021,周末
3/27/2021,周末
3/26/2021,
3/25/2021,
3/24/2021,
3/23/2021,
3/22/2021,
3/21/2021,周末
3/20/2021,周末
3/19/2021,
3/18/2021,
3/17/2021,
3/16/2021,
3/15/2021,
3/14/2021,周末
3/13/2021,周末
3/12/2021,
3/11/2021,
3/10/2021,
3/9/2021,
3/8/2021,
3/7/2021,周末
3/6/2021,周末
3/5/2021,
3/4/2021,
3/3/2021,
3/2/2021,
3/1/2021,
2/28/2021,周末
2/27/2021,周末
2/26/2021,
2/25/2021,
2/24/2021,
2/23/2021,
2/22/2021,
2/21/2021,周末
2/20/2021,
2/19/2021,
2/18/2021,
2/17/2021,CN假期
2/16/2021,CN假期
2/15/2021,春节;CN假期
2/14/2021,CN假期
2/13/2021,春节;CN假期
2/12/2021,春节;CN假期
2/11/2021,CN假期
2/10/2021,
2/9/2021,
2/8/2021,
2/7/2021,
2/6/2021,周末
2/5/2021,
2/4/2021,
2/3/2021,
2/2/2021,
2/1/2021,
1/31/2021,周末
1/30/2021,周末
1/29/2021,
1/28/2021,
1/27/2021,
1/26/2021,
1/25/2021,
1/24/2021,周末
1/23/2021,周末
1/22/2021,
1/21/2021,
1/20/2021,
1/19/2021,
1/18/2021,
1/17/2021,周末
1/16/2021,周末
1/15/2021,
1/14/2021,
1/13/2021,
1/12/2021,
1/11/2021,
1/10/2021,周末
1/9/2021,周末
1/8/2021,
1/7/2021,
1/6/2021,
1/5/2021,
1/4/2021,
1/3/2021,CN假期
1/2/2021,CN假期
1/1/2021,元旦;CN假期
12/31/2020,
12/30/2020,
12/29/2020,
12/28/2020,
12/27/2020,周末
12/26/2020,圣诞节周末
12/25/2020,圣诞节
12/24/2020,
12/23/2020,
12/22/2020,
12/21/2020,
12/20/2020,周末
12/19/2020,周末
12/18/2020,
12/17/2020,
12/16/2020,
12/15/2020,
12/14/2020,
12/13/2020,周末
12/12/2020,周末
12/11/2020,
12/10/2020,
12/9/2020,
12/8/2020,
12/7/2020,
12/6/2020,周末
12/5/2020,周末
12/4/2020,
12/3/2020,
12/2/2020,
12/1/2020,
11/30/2020,
11/29/2020,周末
11/28/2020,周末
11/27/2020,
11/26/2020,
11/25/2020,
11/24/2020,
11/23/2020,
11/22/2020,周末
11/21/2020,周末
11/20/2020,
11/19/2020,
11/18/2020,
11/17/2020,
11/16/2020,
11/15/2020,周末
11/14/2020,周末
11/13/2020,
11/12/2020,
11/11/2020,
11/10/2020,
11/9/2020,
11/8/2020,周末
11/7/2020,周末
11/6/2020,
11/5/2020,
11/4/2020,
11/3/2020,
11/2/2020,
11/1/2020,周末
10/31/2020,周末
10/30/2020,
10/29/2020,
10/28/2020,
10/27/2020,
10/26/2020,重阳节
10/25/2020,周末
10/24/2020,周末
10/23/2020,
10/22/2020,
10/21/2020,
10/20/2020,
10/19/2020,
10/18/2020,周末
10/17/2020,周末
10/16/2020,
10/15/2020,
10/14/2020,
10/13/2020,
10/12/2020,
10/11/2020,周末
10/10/2020,
10/9/2020,
10/8/2020,CN假期
10/7/2020,CN假期
10/6/2020,CN假期
10/5/2020,CN假期
10/4/2020,CN假期
10/3/2020,CN假期
10/2/2020,中秋节;CN假期
10/1/2020,国庆节;CN假期
9/30/2020,
9/29/2020,
9/28/2020,
9/27/2020,
9/26/2020,周末
9/25/2020,
9/24/2020,
9/23/2020,
9/22/2020,
9/21/2020,
9/20/2020,周末
9/19/2020,周末
9/18/2020,
9/17/2020,
9/16/2020,
9/15/2020,
9/14/2020,
9/13/2020,周末
9/12/2020,周末
9/11/2020,
9/10/2020,
9/9/2020,
9/8/2020,
9/7/2020,
9/6/2020,周末
9/5/2020,周末
9/4/2020,
9/3/2020,
9/2/2020,
9/1/2020,
8/31/2020,
8/30/2020,周末
8/29/2020,周末
8/28/2020,
8/27/2020,
8/26/2020,
8/25/2020,
8/24/2020,
8/23/2020,周末
8/22/2020,周末
8/21/2020,
8/20/2020,
8/19/2020,
8/18/2020,
8/17/2020,
8/16/2020,周末
8/15/2020,周末
8/14/2020,
8/13/2020,
8/12/2020,
8/11/2020,
8/10/2020,
8/9/2020,周末
8/8/2020,周末
8/7/2020,
8/6/2020,
8/5/2020,
8/4/2020,
8/3/2020,
8/2/2020,周末
8/1/2020,周末
7/31/2020,
7/30/2020,
7/29/2020,
7/28/2020,
7/27/2020,
7/26/2020,周末
7/25/2020,周末
7/24/2020,
7/23/2020,
7/22/2020,
7/21/2020,
7/20/2020,
7/19/2020,周末
7/18/2020,周末
7/17/2020,
7/16/2020,
7/15/2020,
7/14/2020,
7/13/2020,
7/12/2020,周末
7/11/2020,周末
7/10/2020,
7/9/2020,
7/8/2020,
7/7/2020,
7/6/2020,
7/5/2020,周末
7/4/2020,周末
7/3/2020,
7/2/2020,
7/1/2020,回归纪念日
6/30/2020,
6/29/2020,
6/28/2020,
6/27/2020,CN假期
6/26/2020,CN假期
6/25/2020,端午节;CN假期
6/24/2020,
6/23/2020,
6/22/2020,
6/21/2020,周末
6/20/2020,周末
6/19/2020,
6/18/2020,
6/17/2020,
6/16/2020,
6/15/2020,
6/14/2020,周末
6/13/2020,周末
6/12/2020,
6/11/2020,
6/10/2020,
6/9/2020,
6/8/2020,
6/7/2020,周末
6/6/2020,周末
6/5/2020,
6/4/2020,
6/3/2020,
6/2/2020,
6/1/2020,
5/31/2020,周末
5/30/2020,周末
5/29/2020,
5/28/2020,
5/27/2020,
5/26/2020,
5/25/2020,
5/24/2020,周末
5/23/2020,周末
5/22/2020,
5/21/2020,
5/20/2020,
5/19/2020,
5/18/2020,
5/17/2020,周末
5/16/2020,周末
5/15/2020,
5/14/2020,
5/13/2020,
5/12/2020,
5/11/2020,
5/10/2020,周末
5/9/2020,
5/8/2020,
5/7/2020,
5/6/2020,
5/5/2020,CN假期
5/4/2020,CN假期
5/3/2020,CN假期
5/2/2020,CN假期
5/1/2020,劳动节;CN假期
4/30/2020,佛诞
4/29/2020,
4/28/2020,
4/27/2020,
4/26/2020,
4/25/2020,周末
4/24/2020,
4/23/2020,
4/22/2020,
4/21/2020,
4/20/2020,
4/19/2020,周末
4/18/2020,周末
4/17/2020,
4/16/2020,
4/15/2020,
4/14/2020,
4/13/2020,复活节
4/12/2020,周末
4/11/2020,复活节周末
4/10/2020,复活节
4/9/2020,
4/8/2020,
4/7/2020,
4/6/2020,CN假期
4/5/2020,CN假期
4/4/2020,清明节;CN假期
4/3/2020,
4/2/2020,
4/1/2020,
3/31/2020,
3/30/2020,
3/29/2020,周末
3/28/2020,周末
3/27/2020,
3/26/2020,
3/25/2020,
3/24/2020,
3/23/2020,
3/22/2020,周末
3/21/2020,周末
3/20/2020,
3/19/2020,
3/18/2020,
3/17/2020,
3/16/2020,
3/15/2020,周末
3/14/2020,周末
3/13/2020,
3/12/2020,
3/11/2020,
3/10/2020,
3/9/2020,
3/8/2020,周末
3/7/2020,周末
3/6/2020,
3/5/2020,
3/4/2020,
3/3/2020,
3/2/2020,
3/1/2020,周末
2/29/2020,周末
2/28/2020,
2/27/2020,
2/26/2020,
2/25/2020,
2/24/2020,
2/23/2020,周末
2/22/2020,周末
2/21/2020,
2/20/2020,
2/19/2020,
2/18/2020,
2/17/2020,
2/16/2020,周末
2/15/2020,周末
2/14/2020,
2/13/2020,
2/12/2020,
2/11/2020,
2/10/2020,
2/9/2020,周末
2/8/2020,周末
2/7/2020,
2/6/2020,
2/5/2020,
2/4/2020,
2/3/2020,
2/2/2020,CN假期
2/1/2020,CN假期
1/31/2020,CN假期
1/30/2020,CN假期
1/29/2020,CN假期
1/28/2020,春节;CN假期
1/27/2020,春节;CN假期
1/26/2020,CN假期
1/25/2020,春节;CN假期
1/24/2020,CN假期
1/23/2020,
1/22/2020,
1/21/2020,
1/20/2020,
1/19/2020,
1/18/2020,周末
1/17/2020,
1/16/2020,
1/15/2020,
1/14/2020,
1/13/2020,
1/12/2020,周末
1/11/2020,周末
1/10/2020,
1/9/2020,
1/8/2020,
1/7/2020,
1/6/2020,
1/5/2020,周末
1/4/2020,周末
1/3/2020,
1/2/2020,
1/1/2020,元旦;CN假期
12/31/2019,
12/30/2019,
12/29/2019,周末
12/28/2019,周末
12/27/2019,
12/26/2019,圣诞节
12/25/2019,圣诞节
12/24/2019,
12/23/2019,
12/22/2019,周末
12/21/2019,周末
12/20/2019,
12/19/2019,
12/18/2019,
12/17/2019,
12/16/2019,
12/15/2019,周末
12/14/2019,周末
12/13/2019,
12/12/2019,
12/11/2019,
12/10/2019,
12/9/2019,
12/8/2019,周末
12/7/2019,周末
12/6/2019,
12/5/2019,
12/4/2019,
12/3/2019,
12/2/2019,
12/1/2019,周末
11/30/2019,周末
11/29/2019,
11/28/2019,
11/27/2019,
11/26/2019,
11/25/2019,
11/24/2019,周末
11/23/2019,周末
11/22/2019,
11/21/2019,
11/20/2019,
11/19/2019,
11/18/2019,
11/17/2019,周末
11/16/2019,周末
11/15/2019,
11/14/2019,
11/13/2019,
11/12/2019,
11/11/2019,
11/10/2019,周末
11/9/2019,周末
11/8/2019,
11/7/2019,
11/6/2019,
11/5/2019,
11/4/2019,
11/3/2019,周末
11/2/2019,周末
11/1/2019,
10/31/2019,
10/30/2019,
10/29/2019,
10/28/2019,
10/27/2019,周末
10/26/2019,周末
10/25/2019,
10/24/2019,
10/23/2019,
10/22/2019,
10/21/2019,
10/20/2019,周末
10/19/2019,周末
10/18/2019,
10/17/2019,
10/16/2019,
10/15/2019,
10/14/2019,
10/13/2019,周末
10/12/2019,
10/11/2019,
10/10/2019,
10/9/2019,
10/8/2019,
10/7/2019,重阳节;CN假期
10/6/2019,CN假期
10/5/2019,CN假期
10/4/2019,CN假期
10/3/2019,CN假期
10/2/2019,CN假期
10/1/2019,国庆节;CN假期
9/30/2019,
9/29/2019,
9/28/2019,周末
9/27/2019,
9/26/2019,
9/25/2019,
9/24/2019,
9/23/2019,
9/22/2019,周末
9/21/2019,周末
9/20/2019,
9/19/2019,
9/18/2019,
9/17/2019,
9/16/2019,
9/15/2019,CN假期
9/14/2019,中秋节;CN假期
9/13/2019,CN假期
9/12/2019,
9/11/2019,
9/10/2019,
9/9/2019,
9/8/2019,周末
9/7/2019,周末
9/6/2019,
9/5/2019,
9/4/2019,
9/3/2019,
9/2/2019,
9/1/2019,周末
8/31/2019,周末
8/30/2019,
8/29/2019,
8/28/2019,
8/27/2019,
8/26/2019,
8/25/2019,周末
8/24/2019,周末
8/23/2019,
8/22/2019,
8/21/2019,
8/20/2019,
8/19/2019,
8/18/2019,周末
8/17/2019,周末
8/16/2019,
8/15/2019,
8/14/2019,
8/13/2019,
8/12/2019,
8/11/2019,周末
8/10/2019,周末
8/9/2019,
8/8/2019,
8/7/2019,
8/6/2019,
8/5/2019,
8/4/2019,周末
8/3/2019,周末
8/2/2019,
8/1/2019,
7/31/2019,
7/30/2019,
7/29/2019,
7/28/2019,周末
7/27/2019,周末
7/26/2019,
7/25/2019,
7/24/2019,
7/23/2019,
7/22/2019,
7/21/2019,周末
7/20/2019,周末
7/19/2019,
7/18/2019,
7/17/2019,
7/16/2019,
7/15/2019,
7/14/2019,周末
7/13/2019,周末
7/12/2019,
7/11/2019,
7/10/2019,
7/9/2019,
7/8/2019,
7/7/2019,周末
7/6/2019,周末
7/5/2019,
7/4/2019,
7/3/2019,
7/2/2019,
7/1/2019,回归纪念日
6/30/2019,周末
6/29/2019,周末
6/28/2019,
6/27/2019,
6/26/2019,
6/25/2019,
6/24/2019,
6/23/2019,周末
6/22/2019,周末
6/21/2019,
6/20/2019,
6/19/2019,
6/18/2019,
6/17/2019,
6/16/2019,周末
6/15/2019,周末
6/14/2019,
6/13/2019,
6/12/2019,
6/11/2019,
6/10/2019,
6/9/2019,CN假期
6/8/2019,CN假期
6/7/2019,端午节;CN假期
6/6/2019,
6/5/2019,
6/4/2019,
6/3/2019,
6/2/2019,周末
6/1/2019,周末
5/31/2019,
5/30/2019,
5/29/2019,
5/28/2019,
5/27/2019,
5/26/2019,周末
5/25/2019,周末
5/24/2019,
5/23/2019,
5/22/2019,
5/21/2019,
5/20/2019,
5/19/2019,周末
5/18/2019,周末
5/17/2019,
5/16/2019,
5/15/2019,
5/14/2019,
5/13/2019,佛诞
5/12/2019,周末
5/11/2019,周末
5/10/2019,
5/9/2019,
5/8/2019,
5/7/2019,
5/6/2019,
5/5/2019,
5/4/2019,CN假期
5/3/2019,CN假期
5/2/2019,CN假期
5/1/2019,劳动节;CN假期
4/30/2019,
4/29/2019,
4/28/2019,
4/27/2019,周末
4/26/2019,
4/25/2019,
4/24/2019,
4/23/2019,
4/22/2019,复活节
4/21/2019,周末
4/20/2019,复活节周末
4/19/2019,复活节
4/18/2019,
4/17/2019,
4/16/2019,
4/15/2019,
4/14/2019,周末
4/13/2019,周末
4/12/2019,
4/11/2019,
4/10/2019,
4/9/2019,
4/8/2019,
4/7/2019,CN假期
4/6/2019,CN假期
4/5/2019,清明节;CN假期
4/4/2019,
4/3/2019,
4/2/2019,
4/1/2019,
3/31/2019,周末
3/30/2019,周末
3/29/2019,
3/28/2019,
3/27/2019,
3/26/2019,
3/25/2019,
3/24/2019,周末
3/23/2019,周末
3/22/2019,
3/21/2019,
3/20/2019,
3/19/2019,
3/18/2019,
3/17/2019,周末
3/16/2019,周末
3/15/2019,
3/14/2019,
3/13/2019,
3/12/2019,
3/11/2019,
3/10/2019,周末
3/9/2019,周末
3/8/2019,
3/7/2019,
3/6/2019,
3/5/2019,
3/4/2019,
3/3/2019,周末
3/2/2019,周末
3/1/2019,
2/28/2019,
2/27/2019,
2/26/2019,
2/25/2019,
2/24/2019,周末
2/23/2019,周末
2/22/2019,
2/21/2019,
2/20/2019,
2/19/2019,
2/18/2019,
2/17/2019,周末
2/16/2019,周末
2/15/2019,
2/14/2019,
2/13/2019,
2/12/2019,
2/11/2019,
2/10/2019,CN假期
2/9/2019,CN假期
2/8/2019,CN假期
2/7/2019,春节;CN假期
2/6/2019,春节;CN假期
2/5/2019,春节;CN假期
2/4/2019,CN假期
2/3/2019,
2/2/2019,
2/1/2019,
1/31/2019,
1/30/2019,
1/29/2019,
1/28/2019,
1/27/2019,周末
1/26/2019,周末
1/25/2019,
1/24/2019,
1/23/2019,
1/22/2019,
1/21/2019,
1/20/2019,周末
1/19/2019,周末
1/18/2019,
1/17/2019,
1/16/2019,
1/15/2019,
1/14/2019,
1/13/2019,周末
1/12/2019,周末
1/11/2019,
1/10/2019,
1/9/2019,
1/8/2019,
1/7/2019,
1/6/2019,周末
1/5/2019,周末
1/4/2019,
1/3/2019,
1/2/2019,
1/1/2019,元旦;CN假期
12/31/2018,CN假期
12/30/2018,CN假期
12/29/2018,
12/28/2018,
12/27/2018,
12/26/2018,圣诞节
12/25/2018,圣诞节
12/24/2018,
12/23/2018,周末
12/22/2018,周末
12/21/2018,
12/20/2018,
12/19/2018,
12/18/2018,
12/17/2018,
12/16/2018,周末
12/15/2018,周末
12/14/2018,
12/13/2018,
12/12/2018,
12/11/2018,
12/10/2018,
12/9/2018,周末
12/8/2018,周末
12/7/2018,
12/6/2018,
12/5/2018,
12/4/2018,
12/3/2018,
12/2/2018,周末
12/1/2018,周末
11/30/2018,
11/29/2018,
11/28/2018,
11/27/2018,
11/26/2018,
11/25/2018,周末
11/24/2018,周末
11/23/2018,
11/22/2018,
11/21/2018,
11/20/2018,
11/19/2018,
11/18/2018,周末
11/17/2018,周末
11/16/2018,
11/15/2018,
11/14/2018,
11/13/2018,
11/12/2018,
11/11/2018,周末
11/10/2018,周末
11/9/2018,
11/8/2018,
11/7/2018,
11/6/2018,
11/5/2018,
11/4/2018,周末
11/3/2018,周末
11/2/2018,
11/1/2018,
10/31/2018,
10/30/2018,
10/29/2018,
10/28/2018,周末
10/27/2018,周末
10/26/2018,
10/25/2018,
10/24/2018,
10/23/2018,
10/22/2018,
10/21/2018,周末
10/20/2018,周末
10/19/2018,
10/18/2018,
10/17/2018,重阳节
10/16/2018,
10/15/2018,
10/14/2018,周末
10/13/2018,周末
10/12/2018,
10/11/2018,
10/10/2018,
10/9/2018,
10/8/2018,
10/7/2018,CN假期
10/6/2018,CN假期
10/5/2018,CN假期
10/4/2018,CN假期
10/3/2018,CN假期
10/2/2018,CN假期
10/1/2018,国庆节;CN假期
9/30/2018,
9/29/2018,
9/28/2018,
9/27/2018,
9/26/2018,
9/25/2018,中秋节
9/24/2018,CN假期
9/23/2018,CN假期
9/22/2018,CN假期
9/21/2018,
9/20/2018,
9/19/2018,
9/18/2018,
9/17/2018,
9/16/2018,周末
9/15/2018,周末
9/14/2018,
9/13/2018,
9/12/2018,
9/11/2018,
9/10/2018,
9/9/2018,周末
9/8/2018,周末
9/7/2018,
9/6/2018,
9/5/2018,
9/4/2018,
9/3/2018,
9/2/2018,周末
9/1/2018,周末
8/31/2018,
8/30/2018,
8/29/2018,
8/28/2018,
8/27/2018,
8/26/2018,周末
8/25/2018,周末
8/24/2018,
8/23/2018,
8/22/2018,
8/21/2018,
8/20/2018,
8/19/2018,周末
8/18/2018,周末
8/17/2018,
8/16/2018,
8/15/2018,
8/14/2018,
8/13/2018,
8/12/2018,周末
8/11/2018,周末
8/10/2018,
8/9/2018,
8/8/2018,
8/7/2018,
8/6/2018,
8/5/2018,周末
8/4/2018,周末
8/3/2018,
8/2/2018,
8/1/2018,
7/31/2018,
7/30/2018,
7/29/2018,周末
7/28/2018,周末
7/27/2018,
7/26/2018,
7/25/2018,
7/24/2018,
7/23/2018,
7/22/2018,周末
7/21/2018,周末
7/20/2018,
7/19/2018,
7/18/2018,
7/17/2018,
7/16/2018,
7/15/2018,周末
7/14/2018,周末
7/13/2018,
7/12/2018,
7/11/2018,
7/10/2018,
7/9/2018,
7/8/2018,周末
7/7/2018,周末
7/6/2018,
7/5/2018,
7/4/2018,
7/3/2018,
7/2/2018,回归纪念日
7/1/2018,周末
6/30/2018,周末
6/29/2018,
6/28/2018,
6/27/2018,
6/26/2018,
6/25/2018,
6/24/2018,周末
6/23/2018,周末
6/22/2018,
6/21/2018,
6/20/2018,
6/19/2018,
6/18/2018,端午节;CN假期
6/17/2018,CN假期
6/16/2018,CN假期
6/15/2018,
6/14/2018,
6/13/2018,
6/12/2018,
6/11/2018,
6/10/2018,周末
6/9/2018,周末
6/8/2018,
6/7/2018,
6/6/2018,
6/5/2018,
6/4/2018,
6/3/2018,周末
6/2/2018,周末
6/1/2018,
5/31/2018,
5/30/2018,
5/29/2018,
5/28/2018,
5/27/2018,周末
5/26/2018,周末
5/25/2018,
5/24/2018,
5/23/2018,
5/22/2018,佛诞
5/21/2018,
5/20/2018,周末
5/19/2018,周末
5/18/2018,
5/17/2018,
5/16/2018,
5/15/2018,
5/14/2018,
5/13/2018,周末
5/12/2018,周末
5/11/2018,
5/10/2018,
5/9/2018,
5/8/2018,
5/7/2018,
5/6/2018,周末
5/5/2018,周末
5/4/2018,
5/3/2018,
5/2/2018,
5/1/2018,劳动节;CN假期
4/30/2018,CN假期
4/29/2018,CN假期
4/28/2018,
4/27/2018,
4/26/2018,
4/25/2018,
4/24/2018,
4/23/2018,
4/22/2018,周末
4/21/2018,周末
4/20/2018,
4/19/2018,
4/18/2018,
4/17/2018,
4/16/2018,
4/15/2018,周末
4/14/2018,周末
4/13/2018,
4/12/2018,
4/11/2018,
4/10/2018,
4/9/2018,
4/8/2018,
4/7/2018,CN假期
4/6/2018,CN假期
4/5/2018,清明节;CN假期
4/4/2018,
4/3/2018,
4/2/2018,复活节
4/1/2018,周末
3/31/2018,复活节周末
3/30/2018,复活节
3/29/2018,
3/28/2018,
3/27/2018,
3/26/2018,
3/25/2018,周末
3/24/2018,周末
3/23/2018,
3/22/2018,
3/21/2018,
3/20/2018,
3/19/2018,
3/18/2018,周末
3/17/2018,周末
3/16/2018,
3/15/2018,
3/14/2018,
3/13/2018,
3/12/2018,
3/11/2018,周末
3/10/2018,周末
3/9/2018,
3/8/2018,
3/7/2018,
3/6/2018,
3/5/2018,
3/4/2018,周末
3/3/2018,周末
3/2/2018,
3/1/2018,
2/28/2018,
2/27/2018,
2/26/2018,
2/25/2018,周末
2/24/2018,
2/23/2018,
2/22/2018,
2/21/2018,CN假期
2/20/2018,CN假期
2/19/2018,春节;CN假期
2/18/2018,CN假期
2/17/2018,春节;CN假期
2/16/2018,春节;CN假期
2/15/2018,CN假期
2/14/2018,
2/13/2018,
2/12/2018,
2/11/2018,
2/10/2018,周末
2/9/2018,
2/8/2018,
2/7/2018,
2/6/2018,
2/5/2018,
2/4/2018,周末
2/3/2018,周末
2/2/2018,
2/1/2018,
1/31/2018,
1/30/2018,
1/29/2018,
1/28/2018,周末
1/27/2018,周末
1/26/2018,
1/25/2018,
1/24/2018,
1/23/2018,
1/22/2018,
1/21/2018,周末
1/20/2018,周末
1/19/2018,
1/18/2018,
1/17/2018,
1/16/2018,
1/15/2018,
1/14/2018,周末
1/13/2018,周末
1/12/2018,
1/11/2018,
1/10/2018,
1/9/2018,
1/8/2018,
1/7/2018,周末
1/6/2018,周末
1/5/2018,
1/4/2018,
1/3/2018,
1/2/2018,
1/1/2018,元旦;CN假期