Date,R_BMK_SOFR
02/02/2024,0.0532
02/01/2024,0.0532
01/31/2024,0.0532
01/30/2024,0.0531
01/29/2024,0.0531
01/26/2024,0.0532
01/25/2024,0.0532
01/24/2024,0.0531
01/23/2024,0.0531
01/22/2024,0.0531
01/19/2024,0.0531
01/18/2024,0.0531
01/17/2024,0.0532
01/16/2024,0.0532
01/12/2024,0.0531
01/11/2024,0.0531
01/10/2024,0.0531
01/09/2024,0.0531
01/08/2024,0.0531
01/05/2024,0.0531
01/04/2024,0.0532
01/03/2024,0.0539
01/02/2024,0.054
12/29/2023,0.0538
12/28/2023,0.054
12/27/2023,0.0539
12/26/2023,0.0535
12/22/2023,0.0532
12/21/2023,0.0531
12/20/2023,0.0531
12/19/2023,0.0531
12/18/2023,0.0532
12/15/2023,0.0532
12/14/2023,0.0531
12/13/2023,0.0531
12/12/2023,0.0531
12/11/2023,0.0532
12/08/2023,0.0532
12/07/2023,0.0532
12/06/2023,0.0532
12/05/2023,0.0533
12/04/2023,0.0537
12/01/2023,0.0539
11/30/2023,0.0533
11/29/2023,0.0531
11/28/2023,0.0532
11/27/2023,0.0532
11/24/2023,0.0532
11/22/2023,0.0531
11/21/2023,0.0531
11/20/2023,0.0531
11/17/2023,0.0532
11/16/2023,0.0532
11/15/2023,0.0532
11/14/2023,0.0532
11/13/2023,0.0532
11/10/2023,0.0532
11/09/2023,0.0532
11/08/2023,0.0532
11/07/2023,0.0532
11/06/2023,0.0532
11/03/2023,0.0532
11/02/2023,0.0533
11/01/2023,0.0532
10/31/2023,0.0535
10/30/2023,0.0531
10/27/2023,0.0531
10/26/2023,0.0531
10/25/2023,0.053
10/24/2023,0.053
10/23/2023,0.053
10/20/2023,0.053
10/19/2023,0.053
10/18/2023,0.053
10/17/2023,0.0531
10/16/2023,0.0531
10/13/2023,0.0531
10/12/2023,0.0531
10/11/2023,0.0531
10/10/2023,0.0531
10/06/2023,0.0531
10/05/2023,0.0532
10/04/2023,0.0532
10/03/2023,0.0533
10/02/2023,0.0532
09/29/2023,0.0531
09/28/2023,0.0531
09/27/2023,0.0532
09/26/2023,0.0531
09/25/2023,0.0531
09/22/2023,0.053
09/21/2023,0.053
09/20/2023,0.053
09/19/2023,0.0531
09/18/2023,0.0531
09/15/2023,0.0531
09/14/2023,0.053
09/13/2023,0.053
09/12/2023,0.053
09/11/2023,0.053
09/08/2023,0.053
09/07/2023,0.0531
09/06/2023,0.053
09/05/2023,0.0531
09/01/2023,0.0531
08/31/2023,0.0531
08/30/2023,0.053
08/29/2023,0.053
08/28/2023,0.053
08/25/2023,0.053
08/24/2023,0.053
08/23/2023,0.053
08/22/2023,0.053
08/21/2023,0.053
08/18/2023,0.053
08/17/2023,0.053
08/16/2023,0.053
08/15/2023,0.053
08/14/2023,0.053
08/11/2023,0.053
08/10/2023,0.053
08/09/2023,0.053
08/08/2023,0.053
08/07/2023,0.053
08/04/2023,0.053
08/03/2023,0.053
08/02/2023,0.053
08/01/2023,0.0531
07/31/2023,0.0531
07/28/2023,0.053
07/27/2023,0.0531
07/26/2023,0.0506
07/25/2023,0.0506
07/24/2023,0.0505
07/21/2023,0.0505
07/20/2023,0.0506
07/19/2023,0.0505
07/18/2023,0.0506
07/17/2023,0.0506
07/14/2023,0.0505
07/13/2023,0.0506
07/12/2023,0.0505
07/11/2023,0.0506
07/10/2023,0.0506
07/07/2023,0.0506
07/06/2023,0.0506
07/05/2023,0.0506
07/03/2023,0.0506
06/30/2023,0.0509
06/29/2023,0.0506
06/28/2023,0.0506
06/27/2023,0.0505
06/26/2023,0.0505
06/23/2023,0.0505
06/22/2023,0.0505
06/21/2023,0.0505
06/20/2023,0.0505
06/16/2023,0.0505
06/15/2023,0.0506
06/14/2023,0.0505
06/13/2023,0.0505
06/12/2023,0.0505
06/09/2023,0.0505
06/08/2023,0.0505
06/07/2023,0.0505
06/06/2023,0.0505
06/05/2023,0.0506
06/02/2023,0.0507
06/01/2023,0.0508
05/31/2023,0.0508
05/30/2023,0.0506
05/26/2023,0.0506
05/25/2023,0.0506
05/24/2023,0.0505
05/23/2023,0.0505
05/22/2023,0.0505
05/19/2023,0.0505
05/18/2023,0.0505
05/17/2023,0.0505
05/16/2023,0.0505
05/15/2023,0.0506
05/12/2023,0.0505
05/11/2023,0.0505
05/10/2023,0.0506
05/09/2023,0.0506
05/08/2023,0.0506
05/05/2023,0.0506
05/04/2023,0.0506
05/03/2023,0.0481
05/02/2023,0.0481
05/01/2023,0.0481
04/28/2023,0.0481
04/27/2023,0.0481
04/26/2023,0.048
04/25/2023,0.048
04/24/2023,0.048
04/21/2023,0.048
04/20/2023,0.048
04/19/2023,0.048
04/18/2023,0.048
04/17/2023,0.048
04/14/2023,0.048
04/13/2023,0.048
04/12/2023,0.048
04/11/2023,0.048
04/10/2023,0.0481
04/06/2023,0.0481
04/05/2023,0.0481
04/04/2023,0.0483
04/03/2023,0.0484
03/31/2023,0.0487
03/30/2023,0.0482
03/29/2023,0.0483
03/28/2023,0.0484
03/27/2023,0.0481
03/24/2023,0.048
03/23/2023,0.048
03/22/2023,0.0455
03/21/2023,0.0455
03/20/2023,0.0455
03/17/2023,0.0455
03/16/2023,0.0457
03/15/2023,0.0458
03/14/2023,0.0455
03/13/2023,0.0455
03/10/2023,0.0455
03/09/2023,0.0455
03/08/2023,0.0455
03/07/2023,0.0455
03/06/2023,0.0455
03/03/2023,0.0455
03/02/2023,0.0455
03/01/2023,0.0455
02/28/2023,0.0455
02/27/2023,0.0455
02/24/2023,0.0455
02/23/2023,0.0455
02/22/2023,0.0455
02/21/2023,0.0455
02/17/2023,0.0455
02/16/2023,0.0455
02/15/2023,0.0455
02/14/2023,0.0455
02/13/2023,0.0455
02/10/2023,0.0455
02/09/2023,0.0455
02/08/2023,0.0455
02/07/2023,0.0455
02/06/2023,0.0455
02/03/2023,0.0455
02/02/2023,0.0456
02/01/2023,0.0431
01/31/2023,0.0431
01/30/2023,0.043
01/27/2023,0.043
01/26/2023,0.043
01/25/2023,0.0431
01/24/2023,0.043
01/23/2023,0.043
01/20/2023,0.043
01/19/2023,0.0431
01/18/2023,0.043
01/17/2023,0.0431
01/13/2023,0.043
01/12/2023,0.043
01/11/2023,0.043
01/10/2023,0.0431
01/09/2023,0.0431
01/06/2023,0.0431
01/05/2023,0.0431
01/04/2023,0.043
01/03/2023,0.0431
12/30/2022,0.043
12/29/2022,0.043
12/28/2022,0.043
12/27/2022,0.043
12/23/2022,0.043
12/22/2022,0.043
12/21/2022,0.043
12/20/2022,0.043
12/19/2022,0.043
12/16/2022,0.0432
12/15/2022,0.0432
12/14/2022,0.038
12/13/2022,0.038
12/12/2022,0.038
12/09/2022,0.038
12/08/2022,0.038
12/07/2022,0.038
12/06/2022,0.038
12/05/2022,0.0381
12/02/2022,0.0381
12/01/2022,0.0382
11/30/2022,0.0382
11/29/2022,0.0381
11/28/2022,0.038
11/25/2022,0.038
11/23/2022,0.0379
11/22/2022,0.038
11/21/2022,0.038
11/18/2022,0.038
11/17/2022,0.038
11/16/2022,0.0381
11/15/2022,0.038
11/14/2022,0.0379
11/10/2022,0.0378
11/09/2022,0.0378
11/08/2022,0.0378
11/07/2022,0.0378
11/04/2022,0.038
11/03/2022,0.038
11/02/2022,0.0305
11/01/2022,0.0305
10/31/2022,0.0305
10/28/2022,0.0305
10/27/2022,0.0304
10/26/2022,0.0303
10/25/2022,0.0302
10/24/2022,0.0301
10/21/2022,0.0302
10/20/2022,0.0303
10/19/2022,0.0304
10/18/2022,0.0304
10/17/2022,0.0305
10/14/2022,0.0304
10/13/2022,0.0304
10/12/2022,0.0304
10/11/2022,0.0305
10/07/2022,0.0305
10/06/2022,0.0305
10/05/2022,0.0304
10/04/2022,0.0304
10/03/2022,0.03
09/30/2022,0.0298
09/29/2022,0.0296
09/28/2022,0.0298
09/27/2022,0.0298
09/26/2022,0.0299
09/23/2022,0.0299
09/22/2022,0.0299
09/21/2022,0.0225
09/20/2022,0.0226
09/19/2022,0.0227
09/16/2022,0.0227
09/15/2022,0.0228
09/14/2022,0.0227
09/13/2022,0.0228
09/12/2022,0.0228
09/09/2022,0.0228
09/08/2022,0.0228
09/07/2022,0.0228
09/06/2022,0.0229
09/02/2022,0.0229
09/01/2022,0.0229
08/31/2022,0.0229
08/30/2022,0.0229
08/29/2022,0.0228
08/26/2022,0.0228
08/25/2022,0.0228
08/24/2022,0.0227
08/23/2022,0.0227
08/22/2022,0.0228
08/19/2022,0.0228
08/18/2022,0.0228
08/17/2022,0.0229
08/16/2022,0.0229
08/15/2022,0.0229
08/12/2022,0.0228
08/11/2022,0.0228
08/10/2022,0.0228
08/09/2022,0.0229
08/08/2022,0.0228
08/05/2022,0.0228
08/04/2022,0.0229
08/03/2022,0.0229
08/02/2022,0.023
08/01/2022,0.0228
07/29/2022,0.0227
07/28/2022,0.0228
07/27/2022,0.0153
07/26/2022,0.0153
07/25/2022,0.0153
07/22/2022,0.0152
07/21/2022,0.0153
07/20/2022,0.0153
07/19/2022,0.0154
07/18/2022,0.0154
07/15/2022,0.0154
07/14/2022,0.0153
07/13/2022,0.0153
07/12/2022,0.0154
07/11/2022,0.0153
07/08/2022,0.0153
07/07/2022,0.0154
07/06/2022,0.0154
07/05/2022,0.0154
07/01/2022,0.0152
06/30/2022,0.015
06/29/2022,0.0151
06/28/2022,0.0152
06/27/2022,0.015
06/24/2022,0.0146
06/23/2022,0.0144
06/22/2022,0.0145
06/21/2022,0.0145
06/17/2022,0.0145
06/16/2022,0.0145
06/15/2022,0.007
06/14/2022,0.0069
06/13/2022,0.0073
06/10/2022,0.0075
06/09/2022,0.0075
06/08/2022,0.0076
06/07/2022,0.0077
06/06/2022,0.0078
06/03/2022,0.0078
06/02/2022,0.0079
06/01/2022,0.008
05/31/2022,0.0079
05/27/2022,0.0078
05/26/2022,0.0078
05/25/2022,0.0078
05/24/2022,0.0078
05/23/2022,0.0078
05/20/2022,0.0078
05/19/2022,0.0079
05/18/2022,0.0079
05/17/2022,0.008
05/16/2022,0.008
05/13/2022,0.0079
05/12/2022,0.0079
05/11/2022,0.0078
05/10/2022,0.0078
05/09/2022,0.0078
05/06/2022,0.0078
05/05/2022,0.0079
05/04/2022,0.003
05/03/2022,0.003
05/02/2022,0.003
04/29/2022,0.0028
04/28/2022,0.0028
04/27/2022,0.0028
04/26/2022,0.0027
04/25/2022,0.0027
04/22/2022,0.0027
04/21/2022,0.0026
04/20/2022,0.0027
04/19/2022,0.0028
04/18/2022,0.0029
04/14/2022,0.0029
04/13/2022,0.0029
04/12/2022,0.0029
04/11/2022,0.003
04/08/2022,0.003
04/07/2022,0.003
04/06/2022,0.003
04/05/2022,0.003
04/04/2022,0.003
04/01/2022,0.003
03/31/2022,0.0029
03/30/2022,0.0027
03/29/2022,0.0028
03/28/2022,0.0028
03/25/2022,0.0028
03/24/2022,0.0027
03/23/2022,0.0027
03/22/2022,0.0028
03/21/2022,0.0029
03/18/2022,0.003
03/17/2022,0.003
03/16/2022,0.0005
03/15/2022,0.0005
03/14/2022,0.0005
03/11/2022,0.0005
03/10/2022,0.0005
03/09/2022,0.0005
03/08/2022,0.0005
03/07/2022,0.0005
03/04/2022,0.0005
03/03/2022,0.0005
03/02/2022,0.0005
03/01/2022,0.0005
02/28/2022,0.0005
02/25/2022,0.0005
02/24/2022,0.0005
02/23/2022,0.0005
02/22/2022,0.0005
02/18/2022,0.0005
02/17/2022,0.0005
02/16/2022,0.0005
02/15/2022,0.0005
02/14/2022,0.0005
02/11/2022,0.0005
02/10/2022,0.0005
02/09/2022,0.0004
02/08/2022,0.0005
02/07/2022,0.0005
02/04/2022,0.0005
02/03/2022,0.0005
02/02/2022,0.0005
02/01/2022,0.0005
01/31/2022,0.0005
01/28/2022,0.0005
01/27/2022,0.0004
01/26/2022,0.0004
01/25/2022,0.0005
01/24/2022,0.0004
01/21/2022,0.0005
01/20/2022,0.0004
01/19/2022,0.0005
01/18/2022,0.0005
01/14/2022,0.0005
01/13/2022,0.0005
01/12/2022,0.0005
01/11/2022,0.0005
01/10/2022,0.0005
01/07/2022,0.0005
01/06/2022,0.0005
01/05/2022,0.0005
01/04/2022,0.0005
01/03/2022,0.0005
12/31/2021,0.0005
12/30/2021,0.0005
12/29/2021,0.0005
12/28/2021,0.0005
12/27/2021,0.0005
12/23/2021,0.0005
12/22/2021,0.0005
12/21/2021,0.0005
12/20/2021,0.0004
12/17/2021,0.0005
12/16/2021,0.0005
12/15/2021,0.0005
12/14/2021,0.0005
12/13/2021,0.0005
12/10/2021,0.0005
12/09/2021,0.0005
12/08/2021,0.0005
12/07/2021,0.0005
12/06/2021,0.0005
12/03/2021,0.0005
12/02/2021,0.0005
12/01/2021,0.0005
11/30/2021,0.0005
11/29/2021,0.0005
11/26/2021,0.0005
11/24/2021,0.0005
11/23/2021,0.0005
11/22/2021,0.0005
11/19/2021,0.0005
11/18/2021,0.0005
11/17/2021,0.0005
11/16/2021,0.0005
11/15/2021,0.0005
11/12/2021,0.0005
11/10/2021,0.0005
11/09/2021,0.0005
11/08/2021,0.0005
11/05/2021,0.0005
11/04/2021,0.0005
11/03/2021,0.0005
11/02/2021,0.0005
11/01/2021,0.0005
10/29/2021,0.0005
10/28/2021,0.0005
10/27/2021,0.0005
10/26/2021,0.0005
10/25/2021,0.0004
10/22/2021,0.0005
10/21/2021,0.0003
10/20/2021,0.0003
10/19/2021,0.0003
10/18/2021,0.0005
10/15/2021,0.0005
10/14/2021,0.0005
10/13/2021,0.0005
10/12/2021,0.0005
10/08/2021,0.0005
10/07/2021,0.0005
10/06/2021,0.0005
10/05/2021,0.0005
10/04/2021,0.0005
10/01/2021,0.0005
09/30/2021,0.0005
09/29/2021,0.0005
09/28/2021,0.0005
09/27/2021,0.0005
09/24/2021,0.0005
09/23/2021,0.0005
09/22/2021,0.0005
09/21/2021,0.0005
09/20/2021,0.0005
09/17/2021,0.0005
09/16/2021,0.0005
09/15/2021,0.0005
09/14/2021,0.0005
09/13/2021,0.0005
09/10/2021,0.0005
09/09/2021,0.0005
09/08/2021,0.0005
09/07/2021,0.0005
09/03/2021,0.0005
09/02/2021,0.0005
09/01/2021,0.0005
08/31/2021,0.0005
08/30/2021,0.0005
08/27/2021,0.0005
08/26/2021,0.0005
08/25/2021,0.0005
08/24/2021,0.0005
08/23/2021,0.0005
08/20/2021,0.0005
08/19/2021,0.0005
08/18/2021,0.0005
08/17/2021,0.0005
08/16/2021,0.0005
08/13/2021,0.0005
08/12/2021,0.0005
08/11/2021,0.0005
08/10/2021,0.0005
08/09/2021,0.0005
08/06/2021,0.0005
08/05/2021,0.0005
08/04/2021,0.0005
08/03/2021,0.0005
08/02/2021,0.0005
07/30/2021,0.0005
07/29/2021,0.0005
07/28/2021,0.0005
07/27/2021,0.0005
07/26/2021,0.0005
07/23/2021,0.0005
07/22/2021,0.0005
07/21/2021,0.0005
07/20/2021,0.0005
07/19/2021,0.0005
07/16/2021,0.0005
07/15/2021,0.0005
07/14/2021,0.0005
07/13/2021,0.0005
07/12/2021,0.0005
07/09/2021,0.0005
07/08/2021,0.0005
07/07/2021,0.0005
07/06/2021,0.0005
07/02/2021,0.0005
07/01/2021,0.0005
06/30/2021,0.0005
06/29/2021,0.0005
06/28/2021,0.0005
06/25/2021,0.0005
06/24/2021,0.0005
06/23/2021,0.0005
06/22/2021,0.0005
06/21/2021,0.0005
06/18/2021,0.0005
06/17/2021,0.0005
06/16/2021,0.0001
06/15/2021,0.0001
06/14/2021,0.0001
06/11/2021,0.0001
06/10/2021,0.0001
06/09/2021,0.0001
06/08/2021,0.0001
06/07/2021,0.0001
06/04/2021,0.0001
06/03/2021,0.0001
06/02/2021,0.0001
06/01/2021,0.0001
05/28/2021,0.0001
05/27/2021,0.0001
05/26/2021,0.0001
05/25/2021,0.0001
05/24/2021,0.0001
05/21/2021,0.0001
05/20/2021,0.0001
05/19/2021,0.0001
05/18/2021,0.0001
05/17/2021,0.0001
05/14/2021,0.0001
05/13/2021,0.0001
05/12/2021,0.0001
05/11/2021,0.0001
05/10/2021,0.0001
05/07/2021,0.0001
05/06/2021,0.0001
05/05/2021,0.0001
05/04/2021,0.0001
05/03/2021,0.0001
04/30/2021,0.0001
04/29/2021,0.0001
04/28/2021,0.0001
04/27/2021,0.0001
04/26/2021,0.0001
04/23/2021,0.0001
04/22/2021,0.0001
04/21/2021,0.0001
04/20/2021,0.0001
04/19/2021,0.0001
04/16/2021,0.0001
04/15/2021,0.0001
04/14/2021,0.0001
04/13/2021,0.0001
04/12/2021,0.0001
04/09/2021,0.0001
04/08/2021,0.0001
04/07/2021,0.0001
04/06/2021,0.0001
04/05/2021,0.0001
04/01/2021,0.0001
03/31/2021,0.0001
03/30/2021,0.0001
03/29/2021,0.0001
03/26/2021,0.0001
03/25/2021,0.0001
03/24/2021,0.0001
03/23/2021,0.0001
03/22/2021,0.0001
03/19/2021,0.0001
03/18/2021,0.0001
03/17/2021,0.0001
03/16/2021,0.0001
03/15/2021,0.0001
03/12/2021,0.0001
03/11/2021,0.0001
03/10/2021,0.0002
03/09/2021,0.0002
03/08/2021,0.0002
03/05/2021,0.0002
03/04/2021,0.0002
03/03/2021,0.0004
03/02/2021,0.0004
03/01/2021,0.0002
02/26/2021,0.0001
02/25/2021,0.0003
02/24/2021,0.0002
02/23/2021,0.0001
02/22/2021,0.0003
02/19/2021,0.0002
02/18/2021,0.0003
02/17/2021,0.0006
02/16/2021,0.0006
02/12/2021,0.0005
02/11/2021,0.0006
02/10/2021,0.0006
02/09/2021,0.0005
02/08/2021,0.0002
02/05/2021,0.0002
02/04/2021,0.0005
02/03/2021,0.0007
02/02/2021,0.0007
02/01/2021,0.0007
01/29/2021,0.0006
01/28/2021,0.0004
01/27/2021,0.0003
01/26/2021,0.0003
01/25/2021,0.0006
01/22/2021,0.0005
01/21/2021,0.0004
01/20/2021,0.0006
01/19/2021,0.0007
01/15/2021,0.0008
01/14/2021,0.0008
01/13/2021,0.0008
01/12/2021,0.0008
01/11/2021,0.0009
01/08/2021,0.0009
01/07/2021,0.001
01/06/2021,0.001
01/05/2021,0.0011
01/04/2021,0.001
12/31/2020,0.0007
12/30/2020,0.0009
12/29/2020,0.001
12/28/2020,0.0009
12/24/2020,0.0008
12/23/2020,0.0006
12/22/2020,0.0007
12/21/2020,0.0009
12/18/2020,0.0009
12/17/2020,0.0009
12/16/2020,0.0009
12/15/2020,0.0009
12/14/2020,0.0008
12/11/2020,0.0008
12/10/2020,0.0008
12/09/2020,0.0008
12/08/2020,0.0007
12/07/2020,0.0008
12/04/2020,0.0009
12/03/2020,0.0008
12/02/2020,0.0008
12/01/2020,0.0008
11/30/2020,0.0009
11/27/2020,0.0008
11/25/2020,0.0008
11/24/2020,0.0007
11/23/2020,0.0005
11/20/2020,0.0005
11/19/2020,0.0006
11/18/2020,0.0007
11/17/2020,0.0009
11/16/2020,0.001
11/13/2020,0.0009
11/12/2020,0.0009
11/10/2020,0.001
11/09/2020,0.001
11/06/2020,0.001
11/05/2020,0.0011
11/04/2020,0.001
11/03/2020,0.001
11/02/2020,0.0011
10/30/2020,0.0009
10/29/2020,0.0009
10/28/2020,0.0008
10/27/2020,0.0009
10/26/2020,0.0009
10/23/2020,0.0008
10/22/2020,0.0007
10/21/2020,0.0007
10/20/2020,0.0008
10/19/2020,0.0009
10/16/2020,0.0009
10/15/2020,0.001
10/14/2020,0.0009
10/13/2020,0.0009
10/09/2020,0.0009
10/08/2020,0.0008
10/07/2020,0.0009
10/06/2020,0.001
10/05/2020,0.0009
10/02/2020,0.001
10/01/2020,0.0008
09/30/2020,0.0008
09/29/2020,0.0007
09/28/2020,0.0008
09/25/2020,0.0008
09/24/2020,0.0007
09/23/2020,0.0006
09/22/2020,0.0007
09/21/2020,0.0008
09/18/2020,0.0009
09/17/2020,0.001
09/16/2020,0.001
09/15/2020,0.001
09/14/2020,0.0009
09/11/2020,0.0009
09/10/2020,0.0009
09/09/2020,0.0009
09/08/2020,0.0009
09/04/2020,0.0009
09/03/2020,0.001
09/02/2020,0.0009
09/01/2020,0.0009
08/31/2020,0.0009
08/28/2020,0.0007
08/27/2020,0.0007
08/26/2020,0.0007
08/25/2020,0.0008
08/24/2020,0.0008
08/21/2020,0.0007
08/20/2020,0.0007
08/19/2020,0.0009
08/18/2020,0.0009
08/17/2020,0.001
08/14/2020,0.0009
08/13/2020,0.0009
08/12/2020,0.0009
08/11/2020,0.001
08/10/2020,0.0009
08/07/2020,0.0009
08/06/2020,0.0009
08/05/2020,0.0009
08/04/2020,0.0009
08/03/2020,0.001
07/31/2020,0.001
07/30/2020,0.001
07/29/2020,0.0009
07/28/2020,0.001
07/27/2020,0.001
07/24/2020,0.001
07/23/2020,0.001
07/22/2020,0.001
07/21/2020,0.0011
07/20/2020,0.0012
07/17/2020,0.0012
07/16/2020,0.0012
07/15/2020,0.0013
07/14/2020,0.0011
07/13/2020,0.001
07/10/2020,0.001
07/09/2020,0.001
07/08/2020,0.001
07/07/2020,0.001
07/06/2020,0.001
07/02/2020,0.0011
07/01/2020,0.0011
06/30/2020,0.001
06/29/2020,0.0008
06/26/2020,0.0008
06/25/2020,0.0009
06/24/2020,0.0008
06/23/2020,0.0007
06/22/2020,0.0008
06/19/2020,0.0009
06/18/2020,0.0009
06/17/2020,0.0009
06/16/2020,0.0009
06/15/2020,0.0009
06/12/2020,0.0008
06/11/2020,0.0008
06/10/2020,0.0007
06/09/2020,0.0008
06/08/2020,0.0007
06/05/2020,0.0007
06/04/2020,0.0007
06/03/2020,0.0006
06/02/2020,0.0007
06/01/2020,0.0006
05/29/2020,0.0006
05/28/2020,0.0006
05/27/2020,0.0006
05/26/2020,0.0006
05/22/2020,0.0004
05/21/2020,0.0002
05/20/2020,0.0001
05/19/2020,0.0004
05/18/2020,0.0004
05/15/2020,0.0005
05/14/2020,0.0002
05/13/2020,0.0004
05/12/2020,0.0006
05/11/2020,0.0006
05/08/2020,0.0006
05/07/2020,0.0005
05/06/2020,0.0005
05/05/2020,0.0005
05/04/2020,0.0005
05/01/2020,0.0003
04/30/2020,0.0004
04/29/2020,0.0001
04/28/2020,0.0001
04/27/2020,0.0003
04/24/2020,0.0003
04/23/2020,0.0001
04/22/2020,0.0001
04/21/2020,0.0001
04/20/2020,0.0002
04/17/2020,0.0003
04/16/2020,0.0003
04/15/2020,0.0003
04/14/2020,0.0006
04/13/2020,0.0002
04/09/2020,0.0001
04/08/2020,0.0001
04/07/2020,0.0001
04/06/2020,0.0001
04/03/2020,0.0001
04/02/2020,0.0001
04/01/2020,0.0001
03/31/2020,0.0001
03/30/2020,0.0001
03/27/2020,0.0001
03/26/2020,0.0001
03/25/2020,0.0001
03/24/2020,0.0001
03/23/2020,0.0002
03/20/2020,0.0004
03/19/2020,0.0006
03/18/2020,0.001
03/17/2020,0.0054
03/16/2020,0.0026
03/13/2020,0.011
03/12/2020,0.012
03/11/2020,0.0115
03/10/2020,0.0111
03/09/2020,0.0109
03/06/2020,0.011
03/05/2020,0.0112
03/04/2020,0.0123
03/03/2020,0.0164
03/02/2020,0.0159
02/28/2020,0.016
02/27/2020,0.0158
02/26/2020,0.0158
02/25/2020,0.0159
02/24/2020,0.0158
02/21/2020,0.0158
02/20/2020,0.016
02/19/2020,0.0159
02/18/2020,0.016
02/14/2020,0.0158
02/13/2020,0.0157
02/12/2020,0.0157
02/11/2020,0.0158
02/10/2020,0.0158
02/07/2020,0.0158
02/06/2020,0.0159
02/05/2020,0.0159
02/04/2020,0.016
02/03/2020,0.0159
01/31/2020,0.016
01/30/2020,0.0158
01/29/2020,0.0153
01/28/2020,0.0153
01/27/2020,0.0153
01/24/2020,0.0153
01/23/2020,0.0154
01/22/2020,0.0154
01/21/2020,0.0154
01/17/2020,0.0154
01/16/2020,0.0155
01/15/2020,0.0156
01/14/2020,0.0155
01/13/2020,0.0154
01/10/2020,0.0155
01/09/2020,0.0155
01/08/2020,0.0155
01/07/2020,0.0156
01/06/2020,0.0155
01/03/2020,0.0155
01/02/2020,0.0154
12/31/2019,0.0155
12/30/2019,0.0154
12/27/2019,0.0153
12/26/2019,0.0152
12/24/2019,0.0152
12/23/2019,0.0152
12/20/2019,0.0153
12/19/2019,0.0153
12/18/2019,0.0153
12/17/2019,0.0154
12/16/2019,0.0162
12/13/2019,0.0154
12/12/2019,0.0153
12/11/2019,0.0154
12/10/2019,0.0155
12/09/2019,0.0156
12/06/2019,0.0155
12/05/2019,0.0155
12/04/2019,0.0154
12/03/2019,0.0155
12/02/2019,0.0163
11/29/2019,0.0165
11/27/2019,0.0155
11/26/2019,0.0154
11/25/2019,0.0156
11/22/2019,0.0158
11/21/2019,0.0158
11/20/2019,0.0157
11/19/2019,0.0157
11/18/2019,0.0156
11/15/2019,0.0159
11/14/2019,0.0158
11/13/2019,0.0157
11/12/2019,0.0157
11/08/2019,0.0156
11/07/2019,0.0156
11/06/2019,0.0157
11/05/2019,0.0158
11/04/2019,0.0156
11/01/2019,0.0158
10/31/2019,0.0176
10/30/2019,0.0182
10/29/2019,0.0181
10/28/2019,0.0182
10/25/2019,0.0184
10/24/2019,0.0186
10/23/2019,0.0187
10/22/2019,0.0187
10/21/2019,0.0186
10/18/2019,0.0188
10/17/2019,0.0195
10/16/2019,0.0205
10/15/2019,0.02
10/11/2019,0.0185
10/10/2019,0.0185
10/09/2019,0.0185
10/08/2019,0.0185
10/07/2019,0.0183
10/04/2019,0.0182
10/03/2019,0.0184
10/02/2019,0.0185
10/01/2019,0.0188
09/30/2019,0.0235
09/27/2019,0.0182
09/26/2019,0.0185
09/25/2019,0.0201
09/24/2019,0.0196
09/23/2019,0.0185
09/20/2019,0.0186
09/19/2019,0.0195
09/18/2019,0.0255
09/17/2019,0.0525
09/16/2019,0.0243
09/13/2019,0.022
09/12/2019,0.022
09/11/2019,0.0215
09/10/2019,0.0214
09/09/2019,0.0212
09/06/2019,0.0215
09/05/2019,0.0221
09/04/2019,0.0221
09/03/2019,0.0217
08/30/2019,0.0216
08/29/2019,0.0212
08/28/2019,0.0212
08/27/2019,0.0215
08/26/2019,0.021
08/23/2019,0.021
08/22/2019,0.0209
08/21/2019,0.021
08/20/2019,0.0213
08/19/2019,0.0211
08/16/2019,0.0213
08/15/2019,0.0218
08/14/2019,0.0213
08/13/2019,0.0216
08/12/2019,0.0212
08/09/2019,0.0211
08/08/2019,0.0209
08/07/2019,0.021
08/06/2019,0.0211
08/05/2019,0.0213
08/02/2019,0.0219
08/01/2019,0.0219
07/31/2019,0.0255
07/30/2019,0.0239
07/29/2019,0.024
07/26/2019,0.0241
07/25/2019,0.0242
07/24/2019,0.0241
07/23/2019,0.024
07/22/2019,0.024
07/19/2019,0.0241
07/18/2019,0.0246
07/17/2019,0.0247
07/16/2019,0.0247
07/15/2019,0.0246
07/12/2019,0.0236
07/11/2019,0.0241
07/10/2019,0.0246
07/09/2019,0.0245
07/08/2019,0.0248
07/05/2019,0.0259
07/03/2019,0.0256
07/02/2019,0.0251
07/01/2019,0.0242
06/28/2019,0.025
06/27/2019,0.0242
06/26/2019,0.0243
06/25/2019,0.0241
06/24/2019,0.0239
06/21/2019,0.0237
06/20/2019,0.0236
06/19/2019,0.0236
06/18/2019,0.0239
06/17/2019,0.0241
06/14/2019,0.0235
06/13/2019,0.0235
06/12/2019,0.0237
06/11/2019,0.0238
06/10/2019,0.0239
06/07/2019,0.0239
06/06/2019,0.024
06/05/2019,0.024
06/04/2019,0.0239
06/03/2019,0.024
05/31/2019,0.0249
05/30/2019,0.024
05/29/2019,0.024
05/28/2019,0.0241
05/24/2019,0.0237
05/23/2019,0.0237
05/22/2019,0.0237
05/21/2019,0.0238
05/20/2019,0.0239
05/17/2019,0.0242
05/16/2019,0.0243
05/15/2019,0.0248
05/14/2019,0.0239
05/13/2019,0.0238
05/10/2019,0.024
05/09/2019,0.0241
05/08/2019,0.0243
05/07/2019,0.0244
05/06/2019,0.0242
05/03/2019,0.0243
05/02/2019,0.025
05/01/2019,0.0254
04/30/2019,0.0276
04/29/2019,0.0248
04/26/2019,0.0246
04/25/2019,0.0245
04/24/2019,0.0244
04/23/2019,0.0246
04/22/2019,0.0246
04/18/2019,0.025
04/17/2019,0.025
04/16/2019,0.0247
04/15/2019,0.0247
04/12/2019,0.0244
04/11/2019,0.0244
04/10/2019,0.0245
04/09/2019,0.0245
04/08/2019,0.0246
04/05/2019,0.0246
04/04/2019,0.0246
04/03/2019,0.0247
04/02/2019,0.0246
04/01/2019,0.0246
03/29/2019,0.0265
03/28/2019,0.0243
03/27/2019,0.024
03/26/2019,0.024
03/25/2019,0.024
03/22/2019,0.024
03/21/2019,0.0244
03/20/2019,0.0247
03/19/2019,0.0242
03/18/2019,0.0241
03/15/2019,0.0246
03/14/2019,0.0242
03/13/2019,0.024
03/12/2019,0.0239
03/11/2019,0.0238
03/08/2019,0.0239
03/07/2019,0.0238
03/06/2019,0.0238
03/05/2019,0.0238
03/04/2019,0.0238
03/01/2019,0.0238
02/28/2019,0.0258
02/27/2019,0.0237
02/26/2019,0.0238
02/25/2019,0.0238
02/22/2019,0.024
02/21/2019,0.0239
02/20/2019,0.0239
02/19/2019,0.024
02/15/2019,0.0243
02/14/2019,0.0239
02/13/2019,0.0238
02/12/2019,0.0239
02/11/2019,0.024
02/08/2019,0.0237
02/07/2019,0.0238
02/06/2019,0.0238
02/05/2019,0.024
02/04/2019,0.024
02/01/2019,0.0247
01/31/2019,0.0258
01/30/2019,0.0239
01/29/2019,0.024
01/28/2019,0.0239
01/25/2019,0.024
01/24/2019,0.0241
01/23/2019,0.024
01/22/2019,0.0241
01/18/2019,0.0242
01/17/2019,0.0241
01/16/2019,0.0243
01/15/2019,0.0246
01/14/2019,0.024
01/11/2019,0.0241
01/10/2019,0.0243
01/09/2019,0.0245
01/08/2019,0.0242
01/07/2019,0.0241
01/04/2019,0.0245
01/03/2019,0.027
01/02/2019,0.0315
12/31/2018,0.03
12/28/2018,0.0246
12/27/2018,0.0244
12/26/2018,0.0244
12/24/2018,0.0241
12/21/2018,0.024
12/20/2018,0.0241
12/19/2018,0.023
12/18/2018,0.0232
12/17/2018,0.0231
12/14/2018,0.0221
12/13/2018,0.0221
12/12/2018,0.022
12/11/2018,0.0219
12/10/2018,0.0222
12/07/2018,0.023
12/06/2018,0.0234
12/04/2018,0.0227
12/03/2018,0.0223
11/30/2018,0.0228
11/29/2018,0.0224
11/28/2018,0.0219
11/27/2018,0.0219
11/26/2018,0.022
11/23/2018,0.0223
11/21/2018,0.0218
11/20/2018,0.022
11/19/2018,0.0224
11/16/2018,0.0226
11/15/2018,0.0228
11/14/2018,0.022
11/13/2018,0.022
11/09/2018,0.022
11/08/2018,0.0221
11/07/2018,0.0218
11/06/2018,0.0222
11/05/2018,0.0224
11/02/2018,0.0225
11/01/2018,0.0222
10/31/2018,0.0222
10/30/2018,0.0218
10/29/2018,0.0218
10/26/2018,0.0219
10/25/2018,0.0219
10/24/2018,0.0218
10/23/2018,0.0217
10/22/2018,0.0218
10/19/2018,0.0219
10/18/2018,0.0219
10/17/2018,0.0218
10/16/2018,0.0218
10/15/2018,0.0221
10/12/2018,0.0218
10/11/2018,0.0217
10/10/2018,0.0215
10/09/2018,0.0215
10/05/2018,0.0216
10/04/2018,0.0218
10/03/2018,0.022
10/02/2018,0.022
10/01/2018,0.0222
09/28/2018,0.0225
09/27/2018,0.0216
09/26/2018,0.0192
09/25/2018,0.0193
09/24/2018,0.0195
09/21/2018,0.0192
09/20/2018,0.0192
09/19/2018,0.0192
09/18/2018,0.0194
09/17/2018,0.02
09/14/2018,0.0195
09/13/2018,0.0194
09/12/2018,0.0194
09/11/2018,0.0194
09/10/2018,0.0194
09/07/2018,0.0194
09/06/2018,0.0194
09/05/2018,0.0195
09/04/2018,0.0195
08/31/2018,0.0197
08/30/2018,0.0193
08/29/2018,0.0193
08/28/2018,0.0195
08/27/2018,0.0195
08/24/2018,0.0195
08/23/2018,0.0194
08/22/2018,0.019
08/21/2018,0.019
08/20/2018,0.019
08/17/2018,0.019
08/16/2018,0.0199
08/15/2018,0.0198
08/14/2018,0.0193
08/13/2018,0.0191
08/10/2018,0.019
08/09/2018,0.0191
08/08/2018,0.0188
08/07/2018,0.0187
08/06/2018,0.0186
08/03/2018,0.0186
08/02/2018,0.0191
08/01/2018,0.0188
07/31/2018,0.0193
07/30/2018,0.0188
07/27/2018,0.0188
07/26/2018,0.019
07/25/2018,0.0187
07/24/2018,0.019
07/23/2018,0.0187
07/20/2018,0.0188
07/19/2018,0.019
07/18/2018,0.019
07/17/2018,0.0192
07/16/2018,0.0195
07/13/2018,0.019
07/12/2018,0.019
07/11/2018,0.0189
07/10/2018,0.0189
07/09/2018,0.0189
07/06/2018,0.0193
07/05/2018,0.0197
07/03/2018,0.02
07/02/2018,0.0204
06/29/2018,0.0212
06/28/2018,0.0193
06/27/2018,0.019
06/26/2018,0.019
06/25/2018,0.0191
06/22/2018,0.0192
06/21/2018,0.0187
06/20/2018,0.0187
06/19/2018,0.0188
06/18/2018,0.019
06/15/2018,0.0191
06/14/2018,0.019
06/13/2018,0.0171
06/12/2018,0.0167
06/11/2018,0.0169
06/08/2018,0.0169
06/07/2018,0.0171
06/06/2018,0.0173
06/05/2018,0.0175
06/04/2018,0.018
06/01/2018,0.0181
05/31/2018,0.0181
05/30/2018,0.0172
05/29/2018,0.0172
05/25/2018,0.0173
05/24/2018,0.0174
05/23/2018,0.0167
05/22/2018,0.0165
05/21/2018,0.0169
05/18/2018,0.0173
05/17/2018,0.0174
05/16/2018,0.0175
05/15/2018,0.0179
05/14/2018,0.0175
05/11/2018,0.0173
05/10/2018,0.0173
05/09/2018,0.0172
05/08/2018,0.0172
05/07/2018,0.0171
05/04/2018,0.0172
05/03/2018,0.0174
05/02/2018,0.0175
05/01/2018,0.0176
04/30/2018,0.0177
04/27/2018,0.0172
04/26/2018,0.0172
04/25/2018,0.0171
04/24/2018,0.0171
04/23/2018,0.017
04/20/2018,0.0172
04/19/2018,0.0173
04/18/2018,0.0175
04/17/2018,0.0176
04/16/2018,0.0177
04/13/2018,0.0172
04/12/2018,0.0173
04/11/2018,0.0176
04/10/2018,0.0175
04/09/2018,0.0175
04/06/2018,0.0175
04/05/2018,0.0175
04/04/2018,0.0174
04/03/2018,0.0183
04/02/2018,0.018
,
